Gene,Chromosome,gDNA,cDNA,Ptein,Effect,Type
ABL1,9,g.130872129_130872130delinsCGGGGGGG,c.880_881delinsCGGGGGGG,p.K294delinsRGG,inframe,indel
ALK,2,g.29222407_29222409dupGTC,c.3453_3454insACG,p.T1151_L1152insT,inframe,insertion
APC,5,g.112839985_112839988delAGAG,c.4391_4394delAGAG,p.E1464Vfs,frameshift,deletion
ATM,11,g.108326111_108326112insAT,c.6861_6862insAT,p.V2288fs*1,frameshift,insertion
B2M,15,g.44711587_44711590delCTCT,c.41_44delCTCT,p.S14Ffs*29,frameshift,deletion
BRAF,7,g.140778038_140778055del,c.1453_1470del,p.L485_P490del,inframe,deletion
BRCA1,17,.,c.185_186delAG,p.39fs,frameshift,deletion
BRCA1,17,g.43051077dupG,c.5382dupC,p.N1795Qfs*56,frameshift,duplication
CTNNB1,3,g.41224645_41224647del,c.133_135del,p.S45del,inframe,deletion
EGFR,7,g.55174773_55174790delinsGCA,c.2236_2253delinsGCA,p.E746_T751delinsA,inframe,indel
EGFR,7,g.55174773_55174793delinsGTA,c.2236_2256delinsGTA,p.E746_S752delinsV,inframe,indel
EGFR,7,g.55174776_55174787delinsCCT,c.2239_2250delinsCCT,p.L747_A750delinsP,inframe,indel
EGFR,7,g.55174776_55174790del,c.2239_2253del,p.L747_T751del,inframe,deletion
EGFR,7,g.55174776_55174793del,c.2239_2256del,p.L747_S752del,inframe,deletion
EGFR,7,g.55174776_55174796delinsAGC,c.2239_2259delinsAGC,p.L747_P753delinsS,inframe,indel
EGFR,7,g.55181295_55181296ins12,c.2286_2287ins12,p.A763_Y764insPheQEA,inframe,insertion
EGFR,7,g.55181316_55181317ins9,c.2307_2308ins9,p.D770_N771insNPG,inframe,insertion
ERBB2,17,g.39723966_39723980del,c.2263_2277del,p.L755_T759del,inframe,deletion
ERBB2,17,g.39724738delinsTGGCTGG,c.2320delinsTGGCTGG,p.M774delinsWLV,inframe,indel
ERBB2,17,g.39724740_39724741ins12,c.2322_2323ins12,p.A775_G776insYVMA,inframe,insertion
ERBB2,17,g.39724755_39724756ins9,c.2337_2338ins9,p.P780_Y781insGSP,inframe,insertion
ERBB2,17,g.39724757_39724758insGGCTCCCCA,c.2339_2340insGGCTCCCCA,p.P780_Y781insGSP,inframe,insertion
ESR1,6,g.152098784_152098792delinsCCT,c.1606_1614delinsCCT,p.L536_D538delinsP,inframe,indel
FGFR2,10,g.121520099_121520119dup,c.799_819dup,p.S267_D273dup,inframe,duplication
FGFR2,10,g.121520045_121520050delinsACA,c.868_873delinsTGT,p.W290_I291delinsC,inframe,indel
KIT,4,g.54726016_54726017ins6,c.1506_1507ins6,p.A502_Y503insSA,inframe,insertion
KIT,4,g.54726019_54726020ins6,c.1509_1510ins6,p.Y503_F504insAY,inframe,insertion
KIT,4,g.54727437_54727442del,c.1669_1674del,p.W557_K558del,inframe,deletion
KIT,4,g.54727443_54727445del,c.1675_1677del,p.V559del,inframe,deletion
KIT,4,g.54727447_54727449delTTG,c.1675_1677delGTT,p.V560del,inframe,deletion
KIT,4,g.54727443_54727448del,c.1675_1680del,p.V559_V560del,inframe,deletion
KIT,4,g.54727446_54727448del,c.1678_1680del,p.V560del,inframe,deletion
KIT,4,g.54727473_54727502del,c.1705_1734del,p.V569_Y578del,inframe,deletion
KIT,4,g.54727497_54727505del,c.1729_1737del,p.P577_D579del,inframe,deletion
KIT,4,g.54727503_54727505del,c.1735_1737del,p.D579del,inframe,deletion
KIT,4,g.54733160_54733168delinsAAC,c.2452_2460delinsAAC,p.K818_D820delinsN,inframe,indel
KRAS,12,g.25245355_25245357dupTCC,c.28_30dup,p.G10dup,inframe,duplication
KRAS,12,g.25245351_25245352ins6,c.33_34ins6,p.A11_G12insGA,inframe,insertion
MAP2K1,15,g.66435112_66435126del,c.166_180del,p.Q56_V60del,inframe,deletion
NF2,22,g.29654681_29654682insCA,c.472_473insCA,p.K159fs*16,frameshift,insertion
NF2,22,g.29655604dupT,c.527_528insT,p.Y177fs*26,frameshift,insertion
NPM1,5,.,c.956_959dupTCTG,p.W288fs,frameshift,duplication
PDGFRA,4,g.54272503_54272504ins18,c.1347_1348ins18,p.C450_K451insMIEWMI,inframe,insertion
PDGFRA,4,g.54273538_54273576del,c.1366_1404del,p.C456_N468del,inframe,deletion
PDGFRA,4,g.54273538_54273615del,c.1366_1443del,p.C456_R481del,inframe,deletion
PDGFRA,4,g.54274601_54274602ins42,c.1629_1630ins42,p.V544_L555insAVLVLLVIVIISLI,inframe,insertion
PDGFRA,4,g.54285925_54285936del,c.2524_2535del,p.D842_H845del,inframe,deletion
PDGFRA,4,g.54285925_54285939delinsGGT,c.2524_2538delinsGGT,p.D842_D846delinsG,inframe,indel
PDGFRA,4,g.54285925_54285945del,c.2524_2544del,p.D842_N848del,inframe,deletion
PDGFRA,4,g.54285928_54285939del,c.2527_2538del,p.I843_D846del,inframe,deletion
PDGFRA,4,g.54285928_54285942delinsACA,c.2527_2541delinsACA,p.I843_S847delinsT,inframe,indel
PDGFRA,4,g.54267460_54267556del,c.931_936del,p.E311_K312del,inframe,deletion
PIK3CA,3,g.179234361_179234362insA,c.3204_3205insA,p.N1068Kfs*3,frameshift,insertion
PIK3R1,5,g.68295257_68295274del,c.1678_1695del,p.D560_S565del,inframe,deletion
PIK3R1,5,g.68295305_68295307del,c.1726_1728del,p.T576del,inframe,deletion
PMS2,7,g.5982882delT,c.2117delA,p.K706fs*19,frameshift,deletion
PTEN,10,g.87952220_87952222del,c.595_597del,p.M199del,inframe,deletion
